video_id,video_title,channel_title,channel_id,video_publish_date,view_count,comment_count,video_description,tags,category_id,reason
Ml9v3wHLuWI,Will Smith Tries Online Dating,Will Smith,UCKuHFYu3smtrl2AwwMOXOlg,2018-03-29T18:10:37Z,38488641,35818,"Things get awkward when Will meets Sophia the Robot for an intimate conversation in the Cayman Islands. SUBSCRIBE: https://goo.gl/BUjQW8

Thanks to Hanson Robotics for providing Sophia! For more information, visit http://hansonrobotics.com.

WATCH MORE:
Most Recent Videos: https://goo.gl/pqjbrR
Best Of Will Smith: https://goo.gl/P3jjA3

FOLLOW WILL:
Instagram: https://goo.gl/8mBb1K
Facebook: https://goo.gl/yzifAY

Westbrook Studios | http://westbrookentertainment.com

Executive Producers: Will Smith, Miguel Melendez
Producers: Aaron Ferguson, Lukas Kaiser, Brad Simpson, Sadao Turner
Director: Luke Kelly-Clyne
Editors: Andrew Peyton, Brian Vannucci, Steven Yee
Writers: Turner Barrowman, Clayton English, JF Harris, Lukas Kaiser
Director of Photography: Ben Rutkowski
Camera Operator: Mike Rossetti
Sound Recordist: Peter Beer
1st AC: Tremayne Ebanks
PA: Nakai Coni","['comedy', 'entertainment', 'will smith', 'will', 'smith', 'smiths', 'willsmith', 'will smith youtube', 'youtube will smith', 'will smith channel', 'channel will smith', 'will youtube', 'youtube will', 'smith youtube', 'youtube smith', 'will smith vlogs', 'vlogs will smith', 'vlogs', 'vlog', 'will smith youtube channel', 'sophia the robot', 'robot', 'robots', 'irobot', 'artificial intelligence', 'ai', 'cyberdyne', 'skynet']",24,topic is will smith not ai
YN6hnjXWQUo,ROBOT SAVES BABY!! COZMO Playtime! Artificial Intelligence Super Computer FUNnel VisION Fun,FV FAMILY,UC4-eGDvOe41__-RiE0E9L6A,2018-09-29T15:59:54Z,14773274,1707,"SUBSCRIBE ‚û• https://bit.ly/2w4HCfu & become a FUNnel Cake then Press the üîî & get some Merch:  https://shopfunnelvision.com
========================
üì∫ Have a Funnel Day & Thanks for watching! https://www.youtube.com/c/FVFAMILY
üì∫ Our Gaming Channel - FGTEEV: httpss://www.youtube.com/FGTeeV
üì∫ Our Toy Channel - DOH MUCH FUN w/ Chase's Corner: httpss://www.youtube.com/DOHMUCHFUN2
üì∫ Our Skylanders Channel - Skylander Boy and Girl w/ Lightcore Chase: httpss://www.youtube.com/TheSkylanderBoyandGirl","['fv family', 'chases corner', 'fgteev', 'doh much fun', 'funny videos', 'funnel vision']",23,childrens toy content/ads
#NAME?,"You can soon buy a sex robot equipped with artificial intelligence for about $20,000",ABC News,UCBi2mrWuNuyYy4gbM6fU18Q,2018-04-25T07:24:22Z,10471709,13392,"In her National Geographic series, ""America Inside Out,"" Katie Couric learned about the world's first sex robot, Harmony.","['America', 'Inside', 'Out', 'National', 'Geographic', 'series', 'Katie', 'Couric', 'sex', 'robot', 'Harmony', 'artificial', 'intelligence', 'doll', 'technology', 'abc', 'abcnews']",25,
1y3XdwTa1cA,Two robots debate the future of humanity,RISE Conf,UCFuF18MyTt4UdhmwDC4d2lg,2018-04-17T13:15:56Z,7822303,30887,"Hanson Robotics Limited's Ben Goertzel, Sophia and Han at RISE 2017.

Now for something that‚Äôs never been done onstage before. While they may not be human, our next guests are ready to discuss the future of humanity, and how they see their types flourish over the coming years.

Want to be at #RISEConf next year? Get your ticket now: http://news.riseconf.com/YT_tickets","['Hanson Robotics Limited', 'Hanson Robotics', 'sophia the robot debate', 'sophia the robot 2018', 'sophia the robot emotions', 'sophia the robot singing', 'sophia the robot 2017', 'sophia the robot', 'sophia the robot ai', 'sophia the robot and creator', 'sophia the robot creator', 'sophia the robot citizen', 'sophia the robot inventor', 'sophia the robot in 2018', 'Ben Goertzel', 'rise conference', 'rise conference 2017', 'rise conference 2017 hong kong', 'rise conference asia']",28,
Ra3fv8gl6NE,Joe Rogan - Elon Musk on Artificial Intelligence,JRE Clips,UCnxGkOGNMqQEUMvroOWps6Q,2018-09-07T05:32:52Z,7393894,20084,Taken from Joe Rogan Experience #1169: https://www.youtube.com/watch?v=ycPr5-27vSI,"['Joe Rogan', 'JRE', 'Joe Rogan Experience', 'JRE Clips', 'PowerfulJRE', 'Joe Rogan Fan Page', 'Joe Rogan Podcast', 'podcast', 'MMA', 'Joe Rogan MMA Show', 'UFC', 'comedy', 'comedian', 'stand up', 'funny', 'clip', 'favorite', 'best of', 'Elon Musk']",22,
Vpf-QKGZg8w,"‡§ï‡•ç‡§Ø‡§æ ‡§∞‡•ã‡§¨‡•ã‡§ü‡•ç‡§∏ ‡§á‡§Ç‡§∏‡§æ‡§®‡•ã ‡§ï‡•á ‡§≤‡§ø‡§è ‡§ñ‡§§‡§∞‡§æ ‡§π‡•à ? | Artificial Intelligence, Robots - Science of Robotic Era",FactTechz,UCGdPm5Aq081vVD7ih9jZf6Q,2018-10-24T15:28:17Z,5358148,20019,"Artificial Intelligence is the future. In our daily use of technological devices like smartphones and computers, we always experience this technology. But is artificial intelligence a threat for humans?

Checkout our Android App (Ultimate Brain Booster):

https://play.google.com/store/apps/details?id=com.music.ultimatebrainbooster

Follow Us:

https://instagram.com/facttechz
https://facebook.com/facttechz
https://twitter.com/facttechz","['technology', 'science', 'robots', 'artificial intelligence']",27,language
wSEjoYHxlOY,6 Developing Female Robots With Artificial Intelligence Will Be Your Partner or Assistant In Future.,Inventions World,UCHv17LJVVLDWsalk31unY4w,2018-03-14T18:11:18Z,4478491,4681,"6 Developing female Robots with Artificial Intelligence 'll Be your Partner or Assistant At Home Or Work in Future.
 üëáüëáüëáüëá 
-----------------------------------------------------------------------
Visit our Jewelry Store: https://priyabee.com
-----------------------------------------------------------------------

XWATCH - A Top Affordable Smartwatch Like Apple Watch-turning heads and making life simple.
XWATCH . To Get 50% Discount & Free Shipping Worldwide üëâ https://bit.ly/Xwatch1
--------------------------------------------------------------------------------------------------------------------
WiFi Ultraboost - Wifi Repeater 300Mbps Signal Extender Booster 
Get Your 50% Discount and Free Shipping Worldwide: https://bit.ly/WiFi-UltraBoost
--------------------------------------------------------------------------------------------------------------------
GX SMARTWATCH - Cheaper But Smart, High Quality & Stylish - Your Watch Should be Just Like You.
GX SMARTWATCH
 https://hypertechx.com/ps/gxsmartwatch/index.php?net=9633&aff={AFFID}&sid={SUBID}&cid={CLICKID}
-------------------------------------------------------------------------------------------------------------------
ORDER HERE FOR 50% DISCOUNT: https://bit.ly/GX-SMARTWATCH
-------------------------------------------------------------------------------------------------------------------
1. Tactic AIR Drone
To Get 50% Discount & Free Shipping Worldwide üëâ https://bit.ly/tacticair-drone

2.  DroneX Pro
To Get 50% Discount & Free Shipping Worldwide üëâ https://bit.ly/dronex_pro1

3. Explore AIR DRONE: 
To Get 50% Discount & Free Shipping Worldwide üëâ https://bit.ly/exploreair-drone

üëáüëáüëáüëá
------------------------------------------------------------------------------------------------------------------------------------------------------
Limited Time Offer:
All Hitech Gadgets With 50% Discount & Free Shipping Worldwide : https://bit.ly/HiTechnology
-------------------------------------------------------------------------------------------------------------------------------------------------------

Join Amazon Prime with More Amazing Offers(Free 30 Days Trial) : http://amzn.to/2HjTpKM

----------------------------------------------------------------------------------------

1. Harmony, A Beautiful Lady Robot Can Replace Your Bed Partner.
A beautiful robot
Harmony is unlike any simple doll that you may have seen before. She is a combination of the highest quality doll in the world with 
advanced robotic components, and is powered with the ultimate customizable AI to deliver the most enjoyable conversation and interaction 
you can have with a machine.

Site Link - https://realbotix.com

2. Meet Samantha, Beautiful Female Robot, It's Creators Say Humans Are Already Falling In love With Their Machines.
Samantha is one of the recent ""hyper realistic"" female robot.
Samantha is a project centered on a robot that is capable of enjoying time together. Samantha is the name of the project and architecture. 
The name of the robot itself can be selected and introduced into the Samantha architecture.

For more information visit here : http://www.syntheaamatus.com

3.Meet Emma - World First Talking Artificial Intelligent Humanoid Female Robot By Bride Robot Tech.

http://www.ai-aitech.com/

4. HRP-4C (Miim) is Feminine humanoid Robot Can Sing Walk & Dance So Well.
The HRP-4C, nicknamed Miim, is a feminine-looking humanoid robot created by the National Institute of Advanced Industrial Science 
and Technology (AIST), a Japanese research TEAM.

5. MARK 1 ROBOT MANUAL BOOK
Is She Beautiful Girl Or A Robot? Beautiful Humanoid Robot - Can Be Made Your Life Partner.
I believe it can inspire and let you understand more about life-like humanoid robot development.

http://www.mark1robotic.com

6. Sophia is a social humanoid robot developed by Hong Kong-based company Hanson Robotics. In October 2017, the robot became a Saudi Arabian citizen, the first robot to receive citizenship of any country. While interviewers around the world have been impressed by the sophistication of many of Sophia's responses to their questions, the bulk of Sophia's meaningful statements are believed by experts to be somewhat scripted.","['Harmony49.8', 'harmony robot', 'sex robot', 'ai robot', 'artificial intelligence', 'artificial intelligence robot', 'lady robot', 'human robot', 'personal robot', 'robot', 'smart robots', 'best robots', 'robotics', 'home robots', 'cool robots', 'household robot', 'programming robots', 'humanoid robots', 'advanced robot', 'samantha', 'samantha robot', 'female robot', 'hyper realistic', 'emma', 'hrp-4c', 'miim', 'dancing robot', 'singing robot', 'singer robot', 'japanese robot', 'MARK 1', 'sophia', 'hanson robotics', 'ai', 'robotics technology']",28,"""AI generated"" spam content"
ukzFI9rgwfU,Machine Learning | What Is Machine Learning? | Introduction To Machine Learning | 2024 | Simplilearn,Simplilearn,UCsvqVGtbbyHaMoevxPAq9Fg,2018-09-19T14:57:02Z,4406692,2113,"üî•Professional Certificate Course In AI And Machine Learning by IIT Kanpur (India Only): https://www.simplilearn.com/iitk-professional-certificate-course-ai-machine-learning?utm_campaign=23AugustTubebuddyExpPCPAIandML&utm_medium=DescriptionFF&utm_source=youtube
üî•AI Engineer Masters Program (Discount Code - YTBE15): https://www.simplilearn.com/masters-in-artificial-intelligence?utm_campaign=SCE-AIMasters&utm_medium=DescriptionFF&utm_source=youtube
üî•AI & Machine Learning Bootcamp(US Only): https://www.simplilearn.com/ai-machine-learning-bootcamp?utm_campaign=MachineLearningscribe&utm_medium=DescriptionFirstFold&utm_source=youtube
üî• Purdue Post Graduate Program In AI And Machine Learning: https://www.simplilearn.com/pgp-ai-machine-learning-certification-training-course?utm_campaign=MachineLearningscribe&utm_medium=DescriptionFirstFold&utm_source=youtube

This Machine Learning basics video will help you understand what Machine Learning is, what are the types of Machine Learning - supervised, unsupervised & reinforcement learning, how Machine Learning works with simple examples, and will also explain how Machine Learning is being used in various industries. Machine learning is a core sub-area of artificial intelligence; it enables computers to get into self-learning mode without being explicitly programmed. When exposed to new data, these computer programs are enabled to learn, grow, change, and develop by themselves. So, the iterative aspect of machine learning is the ability to adapt to new data independently. This is possible as programs learn from previous computations and use ‚Äúpattern recognition‚Äù to produce reliable results.

The below topics are explained in this Machine Learning basics video:
1. What is Machine Learning? ( 00:21 )
2. Types of Machine Learning ( 02:43 )
2. What is Supervised Learning? ( 02:53 )
3. What is Unsupervised Learning? ( 03:46 )
4. What is Reinforcement Learning? ( 04:37 )
5. Machine Learning applications ( 06:25 )

Subscribe to our channel for more Machine Learning Tutorials: https://www.youtube.com/user/Simplilearn?sub_confirmation=1

Download the Machine Learning Career Guide to explore and step into the exciting world of Machine Learning and follow the path toward your dream career- https://bit.ly/3eLuTUo

Watch more videos on Machine Learning: https://www.youtube.com/watch?v=7JhjINPwfYQ&list=PLEiEAq2VkUULYYgj13YHUWmRePqiu8Ddy

#MachineLearning #WhatIsMachineLearning #MachineLearningTutorial #MachineLearningBasics #MachineLearningTutorialForBeginners #Simplilearn

‚û°Ô∏è About Caltech Post Graduate Program In AI And Machine Learning

Designed to boost your career as an AI and ML professional, this program showcases Caltech CTME's excellence and IBM's industry prowess. The artificial intelligence course covers key concepts like Statistics, Data Science with Python, Machine Learning, Deep Learning, NLP, and Reinforcement Learning through an interactive learning model with live sessions.

‚úÖ Key Features

- Simplilearn's JobAssist helps you get noticed by top hiring companies
- PGP AI & ML completion certificate from Caltech CTME
- Masterclasses delivered by distinguished Caltech faculty and IBM experts
- Caltech CTME Circle Membership
- Earn up to 22 CEUs from Caltech CTME
- Online convocation by Caltech CTME Program Director
- IBM certificates for IBM courses
- Access to hackathons and Ask Me Anything sessions from IBM
- 25+ hands-on projects from the likes of Twitter, Mercedes Benz, Uber, and many more
- Seamless access to integrated labs
- Capstone projects in 3 domains
- 8X higher interaction in live online classes by industry experts

‚úÖ Skills Covered

- Statistics
- Python
- Supervised Learning
- Unsupervised Learning
- Recommendation Systems
- NLP
- Neural Networks
- GANs
- Deep Learning
- Reinforcement Learning
- Speech Recognition
- Ensemble Learning
- Computer Vision

üëâLearn More at: https://www.simplilearn.com/pgp-ai-machine-learning-certification-training-course?utm_campaign=MachineLearningscribe&utm_medium=DescriptionFirstFold&utm_source=youtube

üî•üî• Interested in Attending Live Classes? Call Us: IN - 18002127688 / US - +18445327688","['2022', '2023', 'ML', 'Machine Learning', 'basics of machine learning', 'cloud and machine learning', 'fundamentals of machine learning', 'gcp maching learning', 'getting started with machine learning', 'introduction to machine learning', 'machine learning', 'machine learning basics', 'machine learning for beginners', 'machine learning tutorial for beginners', 'machine learning with gcp', 'simplilearn', 'simplilearn machine learning', 'what is machine learning']",27,
Pls_q2aQzHg,Artificial Intelligence: Mankind's Last Invention,Aperture,UCO5QSoES5yn2Dw7YixDYT5Q,2018-10-05T18:30:00Z,3718335,9951,"Artificial Intelligence: Mankind's Last Invention - Technological Singularity Explained
Part 2: https://www.youtube.com/watch?v=zuXNlTJb_FM
Follow me on Instagram!: https://www.instagram.com/mcewen/

Stay connected: 
Join the community Discord!: https://discord.gg/XjSEXMS
Instagram: https://www.instagram.com/theapertureyt/
Twitter: https://twitter.com/TheApertureYT
Facebook: https://www.facebook.com/ApertureYT/
Patreon: https://www.patreon.com/ApertureYT

Music:
Stellardrone
https://stellardrone.bandcamp.com/
https://soundcloud.com/stellardrone
https://www.facebook.com/stellardrone/

furino:
https://soundcloud.com/furino
https://www.instagram.com/DanielFurino/
https://twitter.com/DanielFurino

kudasai:
https://soundcloud.com/kudasaibeats
https://twitter.com/kudasaibeats

Footage courtesy of:
Dawal97: 
https://www.youtube.com/dawal97
https://www.instagram.com/dawal97/

LifeLive42:
https://www.youtube.com/user/LifeLive42

----------

üìñ Some of my favorite books:

Pale Blue Dot: A Vision of the Human Future in Space by Carl Sagan
https://amzn.to/2T7YmAZ

A Universe from Nothing by Lawrence M. Krauss:
https://amzn.to/2GSCKlw

What If?: Serious Scientific Answers to Absurd Hypothetical Questions
https://amzn.to/2tHCsVM

A Brief History of Time by Stephen Hawking:
https://amzn.to/2T87GEE

The Grand Design by Stephen Hawking:
https://amzn.to/2EDJPUu

How to Win Friends & Influence People by Dale Carnegie:
https://amzn.to/2UeOiTg

Crushing It by Gary Vaynerchuk:
https://amzn.to/2H7NlIz

The Intelligent Investor by Benjamin Graham:
https://amzn.to/2UdSNgO","[""Artificial Intelligence: Mankind's Last Invention"", 'aperture', 'ai', 'artificial intelligence', 'technological singularity', 'aperture ai', 'singularity', 'aperture artificial intelligence', 'artificial intelligence robot', 'elon musk', 'google duplex', 'mankinds last invention', 'facial recognition', 'humanitys last invention', 'sam harris', 'alphago', 'alphago zero', 'openai', 'neuralink', 'joe rogan', 'joe rogan elon musk', 'machine learning', 'neural networks', 'superintelligent ai', 'superintelligent', 'joe rogan experience']",24,
#NAME?,The Artificial Intelligence That Deleted A Century,Tom Scott,UCBa659QWEk1AI4Tg--mrJ2A,2018-12-06T16:00:00Z,1883817,6064,"In the last week of December, 2028, humanity forgot about more than a century of pop culture. You've probably never thought about it, and never found it strange ‚Äî but the reason is an artificial intelligence called Earworm.

‚è© is a series of YouTube videos from a future.

WHY WE FORGOT THE 20TH CENTURY

WRITTEN and NARRATED BY: Tom Scott
ANIMATED BY: Jordan Husmann http://jordanhusmann.com


üü• MORE FROM TOM: https://www.tomscott.com/
(you can find contact details and social links there too)

üì∞ WEEKLY NEWSLETTER with good stuff from the rest of the internet: https://www.tomscott.com/newsletter/
‚ùì LATERAL, free weekly podcast: https://lateralcast.com/ https://youtube.com/lateralcast/
‚ûï TOM SCOTT PLUS: https://youtube.com/tomscottplus
üë• THE TECHNICAL DIFFICULTIES: https://youtube.com/techdif",[],27,
Ktg8E7i4nzw,"Internet Comment Etiquette: ""Artificial Intelligence""",Internet Comment Etiquette with Erik,UCyWDmyZRjrGHeKF-ofFsT5Q,2018-07-31T21:36:00Z,1615830,5779,"Start protecting yourself on the web at http://www.NordVPN.com/bigmoney or use code BIGMONEY and save 77%!

Nobbleberry Cast:
Corrupt Cop #1: Michael Tomasetti
Corrupt Cop #2: Jeff Harms
Detective Partner: Jarret Palmer
Young Chav: Yoni Reiss
Detective Nanny: Samantha Kellie https://twitter.com/SamanthaKellieS

""Big Money Salvia Theme"" by Hot Dad http://www.youtube.com/HotDad

Gentleman Erik Intro Pic by http://www.twitter.com/SentientPizzaB

http://www.neongrizzly.com/commentiquette
http://www.patreon.com/commentiquette
http://www.twitter.com/commentiquette
http://www.facebook.com/internetcommentetiquette","['internet comment etiquette', 'commentiquette', 'etiquette erik', 'horrible youtube comments', 'letsgotoclass', 'salvia erik', 'vpn', 'consumer vpn', 'net neutrality', 'site vpn', 'vpn best']",23,comments off topic
YNLC0wJSHxI,AI Codes its Own ‚ÄòAI Child‚Äô  - Artificial Intelligence breakthrough!,ColdFusion,UC4QZ_LsYcvcq7qOsOhpAX4A,2018-01-16T07:50:52Z,1238178,4343,"Subscribe here: https://goo.gl/9FS8uF
Check out the previous episode:  https://www.youtube.com/watch?v=cDxi6ozDwhc

Become a Patron!: https://www.patreon.com/ColdFusion_TV
CF Bitcoin address: 13SjyCXPB9o3iN4LitYQ2wYKeqYTShPub8

In this video we talk about Auto ML by Google brain. Auto ML is one of the first successful automated AI projects.


Hi, welcome to ColdFusion (formerly known as ColdfusTion).
Experience the cutting edge of the world around us in a fun relaxed atmosphere.

Sources:

http://automl.info

http://www.ml4aad.org/automl/

https://futurism.com/google-artificial-intelligence-built-ai/

https://futurism.com/googles-new-ai-is-better-at-creating-ai-than-the-companys-engineers/

https://research.googleblog.com/2017/05/using-machine-learning-to-explore.html

https://www.youtube.com/watch?v=92-DoDjCdsY

http://research.nvidia.com/publication/2017-12_Unsupervised-Image-to-Image-Translation

//Soundtrack//

0:00 Tchami - After Life (Feat. Stacy Barthe)

0:40 Delectatio - Everything Is A Dream

1:45 Ricky Eat Acid - A Smoothie Robot For My Moon Mansion

3:37 Catching Flies - The Long Journey Home

4:40 Gryffin - Heading Home (feat. Josef Salvat)

5:18 Faux Tales - Weightless (feat. Luke Cusato)

¬ª Google + | http://www.google.com/+coldfustion

¬ª Facebook | https://www.facebook.com/ColdFusionTV

¬ª My music | http://burnwater.bandcamp.com or 
¬ª http://www.soundcloud.com/burnwater
¬ª https://www.patreon.com/ColdFusion_TV
¬ª Collection of music used in videos: https://www.youtube.com/watch?v=YOrJJKW31OA

Producer: Dagogo Altraide

¬ª Twitter | @ColdFusion_TV","['Coldfusion', 'TV', 'Dagogo', 'Altraide', 'Technology', 'Apple', 'Google', 'Samsung', 'Facebook', 'Tesla']",2,
1PJsZwpwZ7k,What is AI - Artificial Intelligence in Telugu | Future of AI | TeluguBadi,Telugu badi (‡∞§‡±Ü‡∞≤‡±Å‡∞ó‡±Å‡∞¨‡∞°‡∞ø),UCE750MuIvjaYeD5aGUjJcCQ,2018-07-29T01:05:47Z,1106287,2440,"Open a Free Demat Account: https://upstox.com/open-account/?f=2BAJRX

‚Øà For more Interesting Information: http://telugubadi.in/

‚ØàJoin our Telegram Group: https://t.me/telugubadi

For More Videos: 

‚ØàSubscribe Now: https://goo.gl/vCPwXG

‚ØàLike our page on Facebook: https://goo.gl/bUpT1m

‚ØàFollow us on Twitter: https://twitter.com/AskTeluguBadi


Bill Gates Biography in Telugu: https://youtu.be/gSqLA1EDusI

Jack ma Biography in Telugu: https://youtu.be/lW56XrvKjz8

Elon Musk Biography in Telugu: https://youtu.be/-5tAtqZUJ40



AskTeluguBadi Episode 1: https://youtu.be/M2ryfPeEkkM

AskTeluguBadi Episode 2: https://youtu.be/0jW24ehjDzE

AskTeluguBadi Episode 3: https://youtu.be/fndW1afFGyo

AskTeluguBadi Episode-4: https://youtu.be/CsEX43iGyZk




Artificial intelligence (AI) is an area of computer science that emphasizes the creation of intelligent machines that work and react like humans. 

Artificial intelligence (AI), the ability of a digital computer or computer-controlled robot to perform tasks commonly associated with intelligent beings. The term is frequently applied to the project of developing systems endowed with the intellectual processes characteristic of humans, such as the ability to reason, discover meaning, generalize, or learn from past experience.

‚îÄ‚îÄ‚îÄ‚îÄ
Music Credit:
Time Passing By by Audionautix is licensed under a Creative Commons Attribution license (https://creativecommons.org/licenses/by/4.0/)
Artist: http://audionautix.com/
‚îÄ‚îÄ‚îÄ‚îÄ
Disclaimer- Some contents are used for educational purpose under fair use. Copyright Disclaimer Under Section 107 of the Copyright Act 1976, allowance is made for ""fair use"" for purposes such as criticism, comment, news reporting, teaching, scholarship, and research. Fair use is a use permitted by copyright statute that might otherwise be infringing. Non-profit, educational or personal use tips the balance in favor of fair use.
---------------------
For any  Copyright Related matters Please Contact us: TeluguBadiOfficial@gmail.com
---------------------



#AI#ArtificialIntelligence","['Telugu badi', 'Telugu badi channel', 'Telugu badi videos', 'AskTeluguBadi', 'telugu badi latest videos', 'telugu badi episode', 'AI', 'Artificial intelligence', 'Machine Learning', 'AI in telugu', 'Artificial intelligence in Telugu', 'technology', 'future technology', 'The Rise of AI', 'technology in the future', 'neural network', 'robots', 'robotics', 'singularity', 'deep mind', 'artificial intelligence and robotics', 'ibm watson', 'Machine Learning Vs Artificial Intelligence', 'danger with AI', 'documentary', 'Google', 'Singularity']",28,language
6Hm1pNqQxq0,Machine Learning Vs Artificial Intelligence? Same or Different?,Technical Guruji,UCOhHO2ICt0ti9KAh-QHvttQ,2018-03-29T10:58:08Z,865490,2163,"Namaskaar Dosto, is video mein maine aapse Artificial Intelligence aur Machine Learning ke baare mein baat ki hai, Artificial Intelligence aur Machine Learning mein kya difference hai aur kaise yeh hamare kaam aati hai, yahi maine is video mein bataya hai. Mujhe umeed hai ki aapko Machine Learning aur AI ki yeh video pasand aayegi. 


Share, Support, Subscribe!!!
Subscribe: http://bit.ly/1Wfsvt4
Android App: https://technicalguruji.in/app
Youtube: http://www.youtube.com/c/TechnicalGuruji 
Twitter:  http://www.twitter.com/technicalguruji
Facebook: http://www.facebook.com/technicalguruji
Facebook Myself: https://goo.gl/zUfbUU
Instagram: http://instagram.com/technicalguruji
Google Plus: https://plus.google.com/+TechnicalGuruji
Website: https://technicalguruji.in/
Merchandise: http://shop.technicalguruji.in/

About : Technical Guruji is a YouTube Channel, where you will find technological videos in Hindi, New Video is Posted Everyday :)","['artificial intelligence', 'machine learning', 'AI vs ML', 'AI vs machine learning', 'machine learning vs AI', 'neural networks', 'deep learning', 'AI', 'big data', 'Artificial Intelligence', 'What is AI', 'Future Inventions', 'Technologies', 'SIngularity', 'Technicalguruji', 'technical guruji', 'gaurav chaudhary', 'robot', 'robots', 'robotics', 'science', 'tech', 'technology', 'people future', 'what is ai', 'Computer', 'Electronics']",28,language
gb4SshJ5WOY,2018 Isaac Asimov Memorial Debate: Artificial Intelligence,American Museum of Natural History,UCMkybZyI_B-xgkLQo_eCQ_w,2018-02-16T22:16:26Z,682346,1111,"Watch the 2020 Isaac Asimov Memorial Debate on Alien Life: https://youtu.be/xgESzc3hc2U

Isaac Asimov‚Äôs famous Three Laws of Robotics might be seen as early safeguards for our reliance on artificial intelligence, but as Alexa guides our homes and automated cars replace human drivers, are those Three Laws enough?

Neil deGrasse Tyson, Frederick P. Rose Director of the Hayden Planetarium, hosts and moderates a lively discussion about how A.I. is opening doors to limitless possibilities, and if we‚Äôre ready for them. The 2018 Isaac Asimov Memorial Debate took place at the Museum on February, 13, 2018.

For a full transcript of this debate, visit: https://www.amnh.org/explore/amnh.tv

Listen to a podcast version on our blog: https://www.amnh.org/explore/news-blogs/podcasts/2018-isaac-asimov-memorial-debate-artificial-intelligence

2018 Asimov Panelists:

John Giannandrea 
Senior Vice President of Engineering, Google

Helen Greiner
Co-Founder, iRobot; Founder, CyPhy Works 

Ruchir Puri
Chief Architect, IBM Watson 

Max Tegmark
Professor of Physics, Massachusetts Institute of Technology; President, Future of Life Institute 

Michael P. Wellman
Professor of Computer Science and Engineering, University of Michigan

For more information on upcoming events at the Museum, visit AMNH.org/calendar

The late Dr. Isaac Asimov, one of the most prolific and influential authors of our time, was a dear friend and supporter of the American Museum of Natural History. In his memory, the Hayden Planetarium is honored to host the annual Isaac Asimov Memorial Debate ‚Äî generously endowed by relatives, friends, and admirers of Isaac Asimov and his work ‚Äî bringing the finest minds in the world to the Museum each year to debate pressing questions on the frontier of scientific discovery. Proceeds from ticket sales of the Isaac Asimov Memorial Debates benefit the scientific and educational programs of the Hayden Planetarium.

2017 Isaac Asimov Memorial Debate: De-Extinction 
https://www.youtube.com/watch?v=_LnAtMeSVeY

2016 Isaac Asimov Memorial Debate: Is the Universe a Simulation? 
https://www.youtube.com/watch?v=wgSZA3NPpBs&index=2&t=25s&list=PLrfcruGtplwGKzxDI_Ne06NlpOKt-yonZ

2015 Isaac Asimov Memorial Debate: Water, Water 
https://www.youtube.com/watch?v=FSF79uS3t04&index=3&t=25s&list=PLrfcruGtplwGKzxDI_Ne06NlpOKt-yonZ

2014 Isaac Asimov Memorial Debate: Selling Space 
https://www.youtube.com/watch?v=GbmFeEIKBFI&index=4&t=25s&list=PLrfcruGtplwGKzxDI_Ne06NlpOKt-yonZ

2013 Isaac Asimov Memorial Debate: The Existence of Nothing 
https://www.youtube.com/watch?v=1OLz6uUuMp8&index=5&t=25s&list=PLrfcruGtplwGKzxDI_Ne06NlpOKt-yonZ

2012 Isaac Asimov Memorial Debate: Faster Than the Speed of Light 
https://www.youtube.com/watch?v=5qlLW60wOjo&list=PLrfcruGtplwGKzxDI_Ne06NlpOKt-yonZ&index=6

2011 Isaac Asimov Memorial Debate: The Theory of Everything 
https://www.youtube.com/watch?v=Eb8_3BUHcuw&list=PLrfcruGtplwGKzxDI_Ne06NlpOKt-yonZ&index=7

Rose Center Anniversary Isaac Asimov Debate: Is Earth Unique? 
https://www.youtube.com/watch?v=9Ji_GdAk9vU&index=8&list=PLrfcruGtplwGKzxDI_Ne06NlpOKt-yonZ&t=25s

Facebook: http://fb.com/naturalhistory
Twitter: http://twitter.com/amnh
Tumblr: http://amnhnyc.tumblr.com/

Instagram: http://instagram.com/amnh

#IsaacAsimov #NeildeGrasseTyson #AsimovDebate #MaxTegmark #Roomba #Robots #iRobot #ArtificialIntelligence #Robotics #Intelligence #AMNH #ScienceDebate #ScienceLecture #ThreeLawsofRobotics #AI #A.I. #AmericanMuseumofNaturalHistory 

*** 

Subscribe to our channel:
http://www.youtube.com/subscription_center?add_user=amnhorg 

Check out our full video catalog: http://www.youtube.com/user/AMNHorg 
Facebook: http://fb.com/naturalhistory 
Twitter: http://twitter.com/amnh 
Tumblr: http://amnhnyc.tumblr.com/ 
Instagram: http://instagram.com/amnh

This video and all media incorporated herein (including text, images, and audio) are the property of the American Museum of Natural History or its licensors, all rights reserved. The Museum has made this video available for your personal, educational use. You may not use this video, or any part of it, for commercial purposes, nor may you reproduce, distribute, publish, prepare derivative works from, or publically display it without the prior written consent of the Museum. 

¬© American Museum of Natural History, New York, NY","['Isaac Asimov', 'Neil deGrasse Tyson', 'Neil Tyson', 'Neil De Grass Tyson', 'Neil de grasse tyson', 'neil di grass tyson', 'neil digrasse tyson', 'Asimov Debate', 'Artificial Intelligence', 'AI', 'robots', 'robotics', 'mechanics', 'max tegmark', 'irobot', 'machine learning', 'amnh', 'american museum of natural history', 'alexa', 'google', 'IBM', 'Watson', 'computer science', 'three laws of robotics', 'science lecture', 'science debate', 'science talk', 'Alpha Go', 'Alpha Zero', 'Deep Learning', 'Deep Mind', 'Alexa']",28,
EW64ikvzHOI,Photoshopped Videos created using Artificial Intelligence!! | Explained by Dhruv Rathee,Dhruv Rathee,UC-CSyyi47VX1lD9zyeABW3w,2018-07-14T09:46:25Z,616649,2628,"We have reached a point in technology, where it is possible to create anything, make anyone say anything in a high resolution video. Till now, this was done in movies using long and complicated process of CGI. But now it is possible for anyone to do it in a matter of minutes sitting at home thanks to advancements in artificial intelligence. I explain machine learning and neural networks in brief here apart from explaining how these Artificial intelligence generated synthetic videos can be created. I also discuss the implications of this technology along with solutions on how we can counter it. 

Support my work: https://www.patreon.com/dhruvrathee

---------------------------------------------------- 
For more informative videos and discussion on important Indian and world issues- 

Telegram channel to receive instant video updates: https://t.me/dhruvratheechannel 
Support on Patreon: https://www.patreon.com/dhruvrathee Subscribe: http://www.youtube.com/dhruvrathee 
Facebook: http://www.facebook.com/DhruvRatheePage 
Twitter: http://www.twitter.com/dhruv_rathee 
Instagram: http://www.instagram.com/dhruvrathee 

More Interviews by Dhruv Rathee: https://www.youtube.com/playlist?list... 

All episodes of The Dhruv Rathee Show: 
Ep 9 Black Money: https://youtu.be/UdNe4Bv8ARY
Ep 8 RTI Activists: https://youtu.be/zE_tnXDXlaI 
Ep 7 Ache Din in UP: https://youtu.be/dPvM2n2AFAw 
Ep 6 Lairs Modi, Ivanka: https://youtu.be/jt14K39g7Tw
Ep 5 Padmavati: https://youtu.be/1M9XXdpuiaw 
Ep 4 Rajasthan: https://youtu.be/y26_c2jNPUw 
Ep 3 Jay Shah growth: https://youtu.be/FfTpWUPsdsc 
Ep 2 Indian economy: https://youtu.be/1ZIFEASmno0 
Ep 1 Currency Notes: https://youtu.be/sAH9YyR3O4c 

More videos: 
PayTM reality: https://youtu.be/cseroHjs__E 
Air Pollution: https://youtu.be/Yo_mO0L8uE4 
BJP IT Cell part 2: https://youtu.be/BslKjxaP4Ik 
Maun Modi: https://youtu.be/KOudMPiJFBI 
Indian Education: https://youtu.be/ABmXRhizz4I 
PNB Scam: https://youtu.be/5dL4AtHYd1w 
Bitcoin: https://youtu.be/Kesk8WK1uWM 
Aadhaar Card: https://youtu.be/S_bvQO6K5fY 
Best State in India: https://youtu.be/XPwVq56l1rk 
Petrol Prices reality: https://youtu.be/OSQXo3DpFAg 
Budget 2018: https://youtu.be/Ncjcg97P1Tg
Save Our Forests: https://youtu.be/jHmXSpTVjZA 
----------------------------------------------------","['Dhruv Rathee', 'Dhruv', 'Rathee', 'Dhruv Rathee latest video', 'Machine Learning', 'AI', 'Neural Network', 'Obama', 'India news live', 'india news today', 'artificial intelligence', 'Photoshop', 'How to', 'How machine learning works', 'How ai works', 'how artificial intelligence works', 'deepfakes', 'machine learning tutorial', 'photoshop tutorial', 'photoshop editing', 'photoshop tutorial in hindi', 'hindi', 'photoshop video editing', 'Dhruv Rathee machine learning', 'technology gyan', 'technical', 'Education']",25,language
6tBZA2rygcM,"Elon Musk - Artificial Intelligence, Neuralink & New Forms of Government on Mars",The Artificial Intelligence Channel,UC5g-f-g4EVRkqL8Xs888BLA,2018-03-12T05:36:10Z,583017,1649,"Elon Musk discussed his concerns about artificial intelligence and his hope for forming a symbiosis with AI through his Neuralink company at SXSW on March 11th, 2018. Musk also spoke about the prospects for complete renewable energy production, space-based internet and the new types of government that could appear on Mars.","['singularity', 'ai', 'artificial intelligence', 'deep learning', 'machine learning', 'deepmind', 'robots', 'robotics', 'self-driving cars', 'driverless cars', 'Elon Musk', 'Neuralink', 'SpaceX', 'Falcon Heavy', 'Mars', 'Tesla']",28,
JRBUMuKumG0,"Artificial Intelligence in Hindi | Free Course by Google | Machine Learning | Career, Scope",Praveen Dilliwala,UCaaNkoAIWG_piI3srX0rxDQ,2018-06-21T13:27:34Z,549356,571,"Artificial Intelligence in Hindi | Free Course by Google | Machine Learning | Career, Scope

Google Free Course - https://ai.google/education/

EDUCATIONAL VIDEOS [‡§π‡§ø‡§Ç‡§¶‡•Ä ‡§Æ‡•á‡§Ç ]
‚ñ∫Countries where Education is free for Indians | ‡§¶‡•Å‡§®‡§ø‡§Ø‡§æ ‡§ï‡•á ‡§ê‡§∏‡•á ‡§¶‡•á‡§∂ ‡§ú‡§π‡§æ‡§Ç Education ‡§´‡•ç‡§∞‡•Ä ‡§π‡•à‚úîhttps://www.youtube.com/watch?v=qDNG6H5qRA0&t=2s
‚ñ∫ Right Attitude Motivation For Students | Power of Positive thinking in hindi ‚úî https://www.youtube.com/watch?v=cmVvZb6b5VE
‚ñ∫ What is Investment Banking in HINDI || Investment Banker ? ‚úî https://www.youtube.com/watch?v=tMYVaPFG4Kw
‚ñ∫ Fastest and Easiest Way to Learn English || ENGLISH Sikhne ka Aasan tarika ‚úî https://www.youtube.com/watch?v=GF5OHAZcW0k
‚ñ∫ How to Get Education LOAN in INDIA 2017 ‚úî https://www.youtube.com/watch?v=DoluUHBZ1zw.
‚ñ∫ MBA INDIA VS MBA ABROAD - WHICH IS BEST ? ‚úî https://www.youtube.com/watch?v=ufgd8pkvtjE
‚ñ∫ Highest Paying Jobs in India 2017‚úî https://www.youtube.com/watch?v=zAa0w1eufLs

Follow us on :
Facebook - https://www.facebook.com/PraveenDilliwala
Twitter - https://twitter.com/praveendiliwala
Instagram - https://www.instagram.com/praveendilliwala
Subscribe Here- https://www.youtube.com/PraveenDilliwala","['artificial intelligence', 'machine learning', 'Google', 'free certification', 'google ai', 'microsoft', 'bonsai', 'apple', 'siri', 'courses', 'certification', 'hindi', 'urdu', 'defination', 'tutorials', 'example', 'future', 'facebook', 'praveen dilliwala', 'india', 'career', 'scope', 'college', 'degree', '2018', 'ai', 'technology', 'tech']",28,language
6yDw9w8uPyQ,China's rise in artificial intelligence | CNBC Reports,CNBC International,UCo7a6riBFJ3tkeHjvkXPn1g,2018-12-05T22:00:00Z,398683,803,"China's vast amount of data is helping advance its artificial intelligence research. CNBC's Uptin Saiidi speaks to experts VC Kai-Fu Lee, author Thomas Friedman and VC Benjamin Harburg on China's ambitions.

-----

Subscribe to us on YouTube: http://cnb.cx/2wuoARM

Subscribe to CNBC Life on YouTube: http://cnb.cx/2wAkfMv

Like our Facebook page:
https://www.facebook.com/cnbcinternational

Follow us on Instagram:
https://www.instagram.com/cnbcinternational/

Follow us on Twitter:
https://twitter.com/CNBCi","['CNBC', 'China', 'AI', 'Artificial Intelligence', 'Robots', 'Thomas Friedman', 'AI Super-Powers', 'Silicon Valley', 'Uptin Saiidi', 'ai in china', 'ai in china news', 'ai in china vs us', 'ai technology in china', 'ai development in china', 'ai cameras in china', 'first ai in china', 'china and ai', 'china ai surveillance', 'china ai technology', 'china ai news reader', 'china ai presenter', 'china ai tv anchor', 'china ai development']",25,
y9U10qdDQqk,MKBHD & Neil Tyson ‚Äî Artificial Intelligence vs. Machine Learning,StarTalk,UCqoAEDirJPjEUFcF2FklnBA,2018-04-03T15:02:37Z,366682,896,"This week Neil deGrasse Tyson and Chuck Nice discuss the differences between AI and machine learning with special guest, MKBHD himself, @mkbhd. You can learn even more at https://brilliant.org/StarTalk/.

Catch up with StarTalk Radio around the web:
Twitter - https://twitter.com/StarTalkRadio
Facebook - http://www.facebook.com/StarTalk
Instagram - http://instagram.com/startalkradio

If you love StarTalk, don't miss out on any news. Sign up for our free newsletter: http://www.startalkradio.net/newsletter

**********************************
Also, check out this MKBHD video where Neil, Chuck, and Marques talk some serious tech: https://www.youtube.com/watch?v=pqQrL1K0Z5g
***********************************

------
Hosts
Neil deGrasse Tyson, Chuck Nice

Director
Dave Wiskus

Writers
PJ Scott-Blankenship, Josh Silverman

Animation Director  
B√•rd Edlund

Animator
David Powell

Editor 
Eric Schneider

Sound Designer
Jay Pellizzi

Music
Airplane Mode

Producers
Amanda McLoughlin, Ben Ratner

StarTalk Radio Executive Producers
Neil deGrasse Tyson, Helen Matsos

StarTalk Radio Producers
Laura Berland, Jeffrey Lee Simons, Lindsey N. Walker, Johnny Bontemps

Brilliant.org Producers 
Calvin Lin, Josh Silverman

Support us on Patreon: https://www.patreon.com/startalkradio

Subscribe to StarTalk: https://www.youtube.com/user/startalkradio?sub_confirmation=1

About StarTalk: 
Science meets pop culture on StarTalk! Astrophysicist & Hayden Planetarium director Neil deGrasse Tyson, his comic co-hosts, guest celebrities & scientists discuss astronomy, physics, and everything else about life in the universe. Keep Looking Up!

#AI #MachineLearning #StarTalk #MarquesBrownlee","['neil degrasse tyson', 'mkbhd', 'chuck nice', 'ai', 'ml', 'artificial intelligence', 'machine learning', 'podcast', 'startalk', 'startalk radio', 'marques brownlee', 'marques', 'marques brownlee ai', 'marques brownlee neil degrasse tyson', 'marques brownlee machine learning', 'ai vs machine learning', 'ai or machine learning', 'tech', 'technology', 'robots', 'computers', 'neil degrasse tyson marques brownlee', 'mkbhd neil degrasse tyson', 'neil degrasse tyson mkbhd', 'neil degrasse tyson interviews mkbhd', 'star talk', 'mkbhd interview']",28,