video_id,video_title,channel_title,channel_id,video_publish_date,view_count,comment_count,video_description,tags,category_id
9jkRcrM6XKA,"""I Tried To Warn You"" - Elon Musk LAST WARNING (2024)",Elon Musk Fan Zone,UCXAWX5r69jcqPTNAhXCSA7Q,2021-07-20T10:55:39Z,13118028,17869,"‚≠êBecome a MUSK FAN & get access to perks: https://www.youtube.com/channel/UCXAWX5r69jcqPTNAhXCSA7Q/join
‚ïî‚ïê‚ï¶‚ïó‚ïî‚ï¶‚ïó‚ïî‚ïê‚ï¶‚ïê‚ï¶‚ï¶‚ï¶‚ï¶‚ïó‚ïî‚ïê‚ïó
‚ïë‚ïö‚ï£‚ïë‚ïë‚ïë‚ïö‚ï£‚ïö‚ï£‚ïî‚ï£‚ïî‚ï£‚ïë‚ïö‚ï£‚ïê‚ï£ 
‚ï†‚ïó‚ïë‚ïö‚ïù‚ïë‚ïë‚ï†‚ïó‚ïë‚ïö‚ï£‚ïë‚ïë‚ïë‚ïë‚ïë‚ïê‚ï£
‚ïö‚ïê‚ï©‚ïê‚ïê‚ï©‚ïê‚ï©‚ïê‚ï©‚ïê‚ï©‚ïù‚ïö‚ï©‚ïê‚ï©‚ïê‚ïù

Elon Musk gives his final warning about Artificial Intelligence, also known as AI. This is a Motivational and educational video which will give you a different perspective about many things,  You will listen to so much incredible advice that is very important. 

Elon Musk discusses his look on life and why he figures we could be living in a reenactment, the secret subtleties that show why we're in a recreated reality. Elon Musk clarifies that man-made brainpower and self-governing innovation are improving and better, and he anticipates that they should take over inside the following 10 years. Elon Musk further discloses his arrangements to turn into a spacefaring development and travel to defaces with SpaceX, Tesla and The Boring Company. This is an inspirational and instructive video which will give you alternate point of view about numerous things, You will pay attention to mind blowing exhortation that is vital. Look at it!

We had 211,174 subs when publishing this video.

This video is related to Elon Musk, Musk, Elon, Tesla, SpaceX, The Boring Company, Business, Jeff Bezos, Space, Cars, Bill Gates, Mark Zuckerberg, millionaires, billionaires, motivational, motivation, Elon musk motivation, Elon musk motivational, it's already too late, elon musk,elon musk motivation,elon musk motivational speech,Why you wouldn't want to be me Elon Musk,elon musk inspiring speech,elon musk best speech,elon musk crying,elon musk emotional speech,why you wouldn't to be elon musk,elon musk inspirational video,elon musk emotional,elon musk mindset,elon musk hard path,elon musk tears up speech,elon musk tears up,elon musk holding back tears,business core,What is the Price of Success,motivation core and more topics!

Not Elon Musk - Gangsta's Paradise or Elon Musk: MY LAST WARNING! or 
 Young Elon Musk Being Cocky or Elon Musk TROLLS Jeff Bezos or Elon Musk vs Bill Gates Reacting to People in Public or Elon Musk's $20B Futuristic City! (Starbase) or Elon Musk - All Movie & Series Appearances (Elon Musk Cameo Scenes) or Elon Musk: ALIENS ARE OBSERVING US! or Elon Musk TRIGGERED: 'END This Interview RIGHT NOW!!' / 'China Will Overtake US!' - Elon Musk Warns Military, but Elon Musk - 'it's already too late!'.

üíºBusiness inquiries?
Request my email using the button on our 'About' page!
Non-business-related emails will be ignored and you will be blocked.

Links included in this description might be affiliate links. If you purchase a product or service with the links that I provide I may receive a small commission. There is no additional charge to you! Thank you for supporting Elon Musk Zone so I can continue to provide you with free content each week!

All materials in these videos are used for educational purposes and fall within the guidelines of fair use. No copyright infringement is intended. If you are or represent the copyright owner of materials used in this video and have a problem with the use of some of these materials, please contact me via my email on the ""About"" page on my channel, I am sure we will sort it out.

Copyright ¬© Elon Musk Zone 2021


#ElonMusk #Musk #Elon #Tesla #SpaceX #Neuralink #Technology #Cars #Space #SpaceTravel #TheBoringCompany #OpenAI #SolarCity

MB01BBH8GJL2T0B","['Elon Musk', 'Musk', 'Elon', 'Tesla', 'SpaceX', 'The Boring Company', 'Business', 'Jeff Bezos', 'Space', 'Cars', 'Bill Gates', 'Mark Zuckerberg', 'millionaires', 'billionaires', 'motivational', 'motivation', 'elon musk motivation', 'elon musk motivational', ""it's already too late""]",28
63yr9dlI0cU,TIMELAPSE OF ARTIFICIAL INTELLIGENCE (2028 ‚Äì 3000+),Venture City,UCENRvVys9nMpQpENGeL8NEg,2021-12-18T15:00:03Z,2592146,6970,"A documentary and journey into the future exploring the possibilities and predictions of artificial intelligence. This timelapse of the future explores what is coming, from robots that are too fast for humans to see, to A.I. bots from Microsoft (bringing back loved ones to life) and Google‚Äôs laMDA (replacing the need for online searches).

Elon Musk‚Äôs Neuralink goes from a medical and healthcare device, to helping people become superhuman ‚Äì with intelligence amplification, and add-ons that connect to the brain chip.

Artificial general intelligence begins to design an A.I. more powerful than itself. People begin to question if humanity has reached the technological singularity. Artificial Super Intelligence emerges from the AGI. 

And further into the deep future. Human consciousness becomes digitized and uploaded into a metaverse simulation. It is merged with A.I. creating hybrid consciousness ‚Äì which spreads across the cosmos. Matrioshka brains and Dyson Spheres host humanity‚Äôs consciousness in a cosmic simulation network. 


Quotes about the future from: James J Hughes 

Additional footage sourced from: Neuralink, Tesla 

-----

A future of artificial intelligence sci-fi documentary, and a timelapse look into future technology. See more of Venture City at my new website: www.vx-c.com 

-----

Books Recommendations by Elon Musk on A.I,. future technology and innovations, and sci-fi stories (affiliate links): 

‚Ä¢ Superintelligence: Paths, Dangers, Strategies https://amzn.to/3j28WkP
‚Ä¢ Life 3.0: Being Human in the Age of Artificial Intelligence https://amzn.to/3790bU1 
‚Ä¢ Our Final Invention: Artificial Intelligence and the End of the Human Era https://amzn.to/351t9Ta 

‚Ä¢ The Foundation: https://amzn.to/3i753dU 
‚Ä¢ The Hitchhikers Guide to the Galaxy: https://amzn.to/3kNFSyW

-----

Other videos to watch: 

‚Ä¢ TIMELAPSE OF FUTURE TECHNOLOGY: 2022 - 4000+ https://youtu.be/wD6hyGXRcgk
‚Ä¢ THE FIRST 10,000 DAYS ON MARS (Timelapse) https://youtu.be/G3hPH_bc0Ww","['artificial intelligence', 'timelapse of the future', 'future technology', 'Neuralink', 'Elon Musk', 'Simulation Theory', 'Artificial General Intelligence', 'A.I.', 'Predictions', 'Documentary', 'Quantum Computers']",27
jqVlmaZIX4U,‡§ï‡•ç‡§Ø‡§æ ARTIFICIAL INTELLIGENCE ‡§π‡§Æ ‡§∏‡§≠‡•Ä ‡§ï‡•ã ‡•ô‡§§‡§Æ ‡§ï‡§∞‡§¶‡•á‡§ó‡§æ? | WIll AI Kill Us All...,GetsetflySCIENCE by Gaurav Thakur,UC00ifCvU8YOOzbL3RdiSTDw,2021-09-22T15:44:28Z,2553357,8605,"Iq option:
https://bit.ly/3yZJ8ic

|Hello friends, did you know? Robots are planning to destroy all human beings in the world? Yeah, I am not kidding!! Just like in Iron Man: Age of Ultron movie, where AI robot was destroying human lives, similarly in real life Bina-48 robot said in an interview that if it was able to hack nuclear missiles, then it will control and rule the entire world!! Yes, you heard me right! Even our world-famous female robot Sophie told in an interview that she will destroy the human race in the future. Now, what are your views on this? Will Artificial intelligence really kill us all? Should we be really afraid? Well, stay tuned to know more in our today's video.

#AI #Robots #WillAIKillUsAll #AIThreats #Technology #HumanRace #Getsetfly

FOLLOW me on:
Instagram (Personal account) ‚Üí http://bit.ly/2xGbu6d
Instagram (Channel account) ‚Üí http://bit.ly/2vpq7Kq
Facebook Page ‚Üí https://rb.gy/mtwum1","['artificial intelligence', 'ai', 'will ai kill us all', 'will ai destroy humans', 'robots', 'sophia robot', 'bina-48', 'future', 'ai will take jobs', 'danger', 'apocalypse', 'threat', 'artificial brain', 'superintelligence', 'science', 'future tech', 'is technoogy taking over', 'is technology bad', 'machine learning', 'in real life', 'world facts', 'interesting facts', 'getsetflyfact', 'getsetflyscience', 'factbhai', 'getsetflyflearn']",28
n7kusLPODqU,Amazing Medjool Dates Fruit Farming and Factory - Artificial Intelligence Date Processing Technology,AbuAyyash Farms,UCKArniZHYNgOkD_-flHp3Qg,2021-03-17T20:58:16Z,2182846,523,"This short documentary speaks about the amazing Medjool dates grown at AbuAyyash Farms located in Al Karameh in the Jordanian Valley of the Hashemite Kingdom of Jordan, home to the world's lowest elevation. This amazing location combined with the experience of many generations at AbuAyyash Farms produces the earth's tastiest Medjool Dates. 

This documentary showcases the world's first and most advanced Italian Medjool sorting technology powered by artificial intelligence. We take you through all the processes AbuAyyash Medjool Dates go through to finally land on your table.

Artificial intelligence is shaping all industries worldwide every day, watch how it is being implemented in the Medjool Date sorting industry in Al Karameh in Jordan and the accuracy and speed it produces. 

Al Karameh - Jordan 

Online Store: 
1) Jordan: Order.abuayyashdates.com
2) USA: shopmedjool.com
3) Amazon USA: tinyurl.com/AbuAyyashAmazon

WEBSITE: abuayyashfarms.com

FACEBOOK: AbuAyyash Farms

INSTAGRAM:@AbuAyyashFarms, @AbuAyyashFarmsUSA

Learn more about date farming with us! SUBSCRIBE FOR MORE CONTENT","['Artificial Intelligence', 'Technology', 'Sorting Facility', 'Medjool', 'Medjool Dates', 'Premium Medjool Dates', 'State of the Art Facility', 'Jordan River', 'Jordan', 'Jordan Dates', 'Jordan River Dates', 'Jordan Medjool', 'Jordan Medjool Dates', 'Madjool', 'Dates', 'Date Fruit', 'Date', 'ŸÖÿ¨ŸàŸÑ', 'ÿ™ŸÖÿ± ŸÖÿØÿ¨ŸàŸÑ', 'ÿßŸÑÿßÿ±ÿØŸÜ ÿ™ŸÖÿ±', 'ÿ∞ŸÉÿßÿ° ÿßŸÑÿßÿµÿ™ŸÜÿßÿπŸä', 'Sorting', 'Medjool Sorting', 'Jordan Medjool Sorting', 'Jordan River Medjool Sorting', 'Dead Sea Dates', 'Dead Sea', 'ŸÅÿ±ÿ≤ ÿ™ŸÖŸàÿ±', 'ÿ£ŸÅÿ∂ŸÑ ŸÅÿ±ÿ≤ ÿ™ŸÖŸàÿ±', 'ŸÅÿ±ÿ≤ ÿ™ŸÖŸàÿ± ŸÖÿ¨ŸàŸÑ', 'ŸÖÿ¨ŸáŸàŸÑ', 'Family', 'Farming', 'Fruit Farm', 'tech']",28
uTl8ZYImjBQ,Artificial Intelligence (Official Video),tom cardy,UCW7AGm8JSBEEew61dJIgl_A,2021-08-05T21:36:52Z,2108952,3317,"The robots are getting smarter, check out this album version to one of my favourite little songs. 

Me Profile on Spotify - https://open.spotify.com/artist/0hQBkU2vuMYXucmd89JUSw?si=JA77npD1QTWbSaUr89c0sQ&dl_branch=1

Itunes/Apple Music - https://music.apple.com/au/artist/tom-cardy/1528272037

Bandcamp - https://tomcardy.bandcamp.com/album/artificial-intelligence

Merch - https://tomcardy.bandtshirts.com.au

Big thanks for Taras and Julia for singing on the album.","['robot', 'vocoder', 'talkbox', 'talk box', 'daft punk', 'artificial intelligence', 'pop', 'music', 'music comedy', 'tom cardy', 'tom', 'cardy', 'dick pick']",23
fmJ74774RO8,VFX Artists Compete Against Artificial Intelligence,Corridor Crew,UCSpFnDQr88xCZ80N-X7t0nQ,2021-01-31T17:00:11Z,1875122,2705,"Thanks to Squarespace! Head to http://squarespace.com/corridorcrew to save 10% off your first purchase!

CONSIDER SUBSCRIBING ‚ñ∫ http://bit.ly/Subscribe_Corridor_Crew
Watch Season 5 From Beginning ‚ñ∫ https://bit.ly/Crew_Season_5

This Episode ‚ñ∫
Is AI the future of the VFX industry? The Crew goes head-to-head with Runway ML's new Green Screen feature in a Roto Race to find out.

FOLLOW ‚ñ∫
Instagram: http://bit.ly/_Corridor_Instagram
Sub-Reddit: http://bit.ly/_Corridor_Sub-Reddit

SUPPORT ‚ñ∫ 
Join Our Website: https://bit.ly/Crew_Membership
Buy Merch: http://bit.ly/Corridor_Store

OUR GEAR & PARTNERS  ‚ñ∫
RunwayML Ai Software: http://bit.ly/RunwayML_Ai
Most Used Equipment: http://bit.ly/CorridorCrew_Gear
Perfect Camera: https://bhpho.to/2FJpQmR
Puget Systems Computers: http://bit.ly/PC_Puget_Workstations
ActionVFX - https://bit.ly/TheBest_ActionVFX
Thumbnail Art Contributions By Ben Wotton: https://benwotton.com/

MUSIC ‚ñ∫
Epidemic: http://bit.ly/Corridor_Music click this link for a free month!
Check out Savants Music! ‚ñ∫ http://bit.ly/Savant_Music","['VFX Artists React', 'CGi', 'Visual Effects', 'deeplearning', 'computers', 'virtual', 'future', 'AI', 'digital', 'gan', 'deepfake']",24
aManoLQAHQU,Can We Outsmart A.I. (Artificial Intelligence)?,Good Mythical Morning,UC4PooiX37Pld1T8J5SYT-SQ,2021-01-20T11:00:01Z,1132089,1380,"Today, we're seeing if we can write better than Artificial Intelligence. GMM #1887

Subscribe to GMM: https://www.youtube.com/goodmythicalmorning?sub_confirmation=1

Watch today's GMMORE: https://youtu.be/XcFNxwEpe6k
Click the bell icon so you'll know when we add a new episode!

Want more GMM? Check out these playlists:
Season 17 - https://www.youtube.com/playlist?list=PLJ49NV73ttrvKwXQjGntFUjtYdhLcXaiu
Season 16 - https://www.youtube.com/playlist?list=PLJ49NV73ttrvCQhgIj1Ovt3g0PBlO18s2
Will It? - https://www.youtube.com/playlist?list=PLJ49NV73ttrucP6jJ1gjSqHmhlmvkdZuf
Taste Tests! - https://www.youtube.com/playlist?list=PLJ49NV73ttrsUefw67wH_pnEJ5KwJZ7lN

Get a copy of our novel, The Lost Causes of Bleak Creek @ http://www.bleakcreek.com

Pick up official GMM and Mythical merch at https://mythical.com
and https://www.amazon.com/mythical

Don‚Äôt miss our weekly podcast, Ear Biscuits: https://applepodcasts.com/earbiscuits

Join the Mythical Society: https://www.mythicalsociety.com

Follow Mythical:
Instagram: https://instagram.com/mythical
Facebook: https://facebook.com/mythical
Twitter: https://twitter.com/mythical
Website: https://mythical.com

Check Out Our Other Mythical Channels:
Mythical Kitchen: https://youtube.com/mythicalkitchen
Rhett & Link: https://youtube.com/rhettandlink
Good Mythical MORE: https://youtube.com/goodmythicalmore

Want to send us something? https://mythical.com/contact

Submit your Wheel of Mythicality video here: http://bit.ly/GMMWheelIntroSUBMISSIONS

Intro Animation by:
Matthew Dwyer https://dwy.me
Mike Pasley https://DigitalTwigs.com
Intro & Outro Music by Mark Byers http://www.markaholic.com

Get the GMM Set Gear!
* Apple AirPort Extreme: https://amzn.to/2NnIvvk
* Apple iPad Pro (12.9-inch, Wi-Fi, 64GB) - Space Gray (Latest Model) - MTEL2LL/A: https://amzn.to/2NnKXlw
* Guardian Industrial Products DH-CP-4 3 Channel Rubber Cable Ramp (Straight): https://amzn.to/2NdshoR
* Cartoni Focus HD Fluid Head with 3 Tube Ultra-Light Tripod, Mid-Level Spreader and Soft Case - Black: https://amzn.to/2X4i7X8
* ARRI SkyPanel S60-C LED Softlight (Blue/Silver, Edison): https://amzn.to/2YgM3km
* Chef-Master 90050 Professional Heat Lamp, Silver: https://amzn.to/2Xa1Wwr
* Samsung UN40H5003 40-Inch 1080p LED TV (2014 Model): https://amzn.to/2NdMU4e
* Sony LMDA170 17"" Production Video LCD Monitor, 16:9 Native Aspect Ratio, 1080p Resolution: https://amzn.to/2YlB9tH
* Behringer Xenyx 1002 Premium 10-Input 2-Bus Mixer with XENYX Mic Preamps and British Eqs: https://amzn.to/2Yeeqzl
* Elgato Game Capture Card HD60 S - Stream and Record in 1080p60, for PlayStation 4, Xbox One & Xbox 360 (Renewed): https://amzn.to/2NdOBP6
* Pyle Universal Speaker Stand Mount Holder - Heavy Duty Tripod w/ Adjustable Height from 40‚Äù to 71‚Äù and 35mm Compatible Insert - Easy Mobility Safety PIN and Knob Tension Locking for Stability PSTND2: https://amzn.to/2JcCpce
* JBL EON612 Portable 12"" 2-Way Multipurpose Self-Powered Sound Reinforcement: https://amzn.to/2Ndluvm
* Bolt 500 XT 3G-SDI/HDMI Wireless TX/RX: https://amzn.to/2J1OeSk
* Voigtlaender 17,5/0,95 Nokton 17.5 mm-17.5 mm Lens: https://amzn.to/2JjUCEP
* Blackmagic Design Micro Converter SDI to HDMI (with Power Supply) BMD-CONVCMIC/SH/WPSU: https://amzn.to/2J6iw6y
* Panasonic H-HSA35100 F2.8 II ASPH 35-100mm Mirrorless Micro Four Thirds Mount POWER Optical I.S. LUMIX G X VARIO Professional Lens: https://amzn.to/2RAhIul
* PANASONIC LUMIX Professional 12-35mm Camera Lens G X VARIO II, F2.8 ASPH, Dual I.S. 2.0 with Power O.I.S., Mirrorless Micro Four Thirds, H-HSA12035 (2017 Model, Black): https://amzn.to/2J9WH5S
* Decimator Design DMON-12S | 12 Channel Multi Viewer with HDMI SDI Outputs: https://amzn.to/2J9Xkwg
* Decimator MD-HX HDMI and SDI Cross Converter with Scaling & Frame Rate Conversion: https://amzn.to/2Ymj52c
* PANASONIC LUMIX GH4 Body 4K Mirrorless Camera, 16 Megapixels, 3 Inch Touch LCD, DMC-GH4KBODY (USA Black): https://amzn.to/2WZjlD6
* Blue Microphones Mouse Microphone Kc: https://amzn.to/2Ybu12I","['gmm', 'good mythical morning', 'rhettandlink', 'rhett and link', 'mythical', 'rhett', 'mclaughlin', 'link', 'neal', 'will it', 'taste test', 'season 18']",24
XIrOM9oP3pA,Python Artificial Intelligence Tutorial - AI Full Course for Beginners in 9 Hours [2021],Clever Programmer,UCqrILQNl5Ed9Dz6CGMyvMTQ,2021-01-01T19:00:10Z,991863,1000,"üî• Apply for coaching with me and my team üëâ https://www.cleverprogrammer.com/coaching-yt

If you want to enroll in an EPIC Beginner Python course where you can have exercises and projects all under one account & for FREE... Click this link: https://cleverprogrammer.teachable.com/p/learn-python

‚≠ê  Join the BEST Discord Community for Developers on the planet üëâ  https://www.cleverprogrammer.com/discord

Time Stamps üëá ... ENJOYüî•
3:02 - Face Detector App
2:08:42 - Self Driving Car App
4:11:47 - Smile Detector App
6:47:03 - TensorFlow Image Classifier App

-Qazi Biz / Sponsorships üëâ https://www.cleverprogrammer.com/partnerships","['cleverprogrammer', 'programming', 'developer', 'javascript', 'web development', 'coding', 'programmer', 'software developer', 'software development', 'react js', 'tutorial']",27
ryQKRPrvN8g,"Ben Shapiro Q&A: Systemic Racism Debate, Socialism vs Capitalism, Artificial Intelligence",Ben Shapiro,UCnQC_G5Xsjhp9fEJKuIcrSw,2021-04-18T17:52:53Z,855994,1922,"This is a reupload from the Q&A portion of my 2018 @YAFTV speech at the University of Minnesota. To subscribe to YAF, click here: https://www.youtube.com/user/YAFTV

Be sure to like the video if you enjoyed it, subscribe to this YouTube channel, and ring the notification bell so you never miss a future video!

Other videos you might enjoy:

Ben Shapiro Takes The 16 Personalities Test! ‚Äî https://youtu.be/IwdNKKSeRkY

How Well Do the Wives of The Daily Wire Know Their Husbands?! ‚Äî https://youtu.be/LJWrgDeuK1g

Ben Shapiro and Piers Morgan Revisit Their Viral Gun Control Debate ‚Äî https://youtu.be/xAaagsvG0YY","['ben shapiro', 'shapiro', 'ben shapiro show', 'ben shapiro interview', 'ben shapiro debate', 'the ben shapiro show', 'ben', 'ben shapiro conservative', 'ben shapiro vs', 'ben shapiro ep', 'ben shapiro best', 'ben shapiro obama', 'ben shapiro (author)', 'ben Shapiro ben shapiro', 'ben shapiro best moments', 'shapiro debate', 'ben shapiro piers morgan', 'shapiro show', 'ben shapiro speech', 'ben shapiro thug life', 'ben shapiro fox', 'ben shapiro meme']",25
0yCJMt9Mx9c,How does artificial intelligence learn? - Briana Brownell,TED-Ed,UCsooa4yRKGN_zEE8iknghZA,2021-03-11T16:01:36Z,652159,1235,"Explore the three major methods of machine learning, which allows computers to write their own rules to problem solve and process data.

--

Today, artificial intelligence helps doctors diagnose patients, pilots fly commercial aircraft, and city planners predict traffic. These AIs are often self-taught, working off a simple set of instructions to create a unique array of rules and strategies. So how exactly does a machine learn? Briana Brownell digs into the three basic ways machines investigate, negotiate, and communicate.

Lesson by Briana Brownell, directed by Champ Panupong Techawongthawon.

Support Our Non-Profit Mission
----------------------------------------------
Support us on Patreon: http://bit.ly/TEDEdPatreon
Check out our merch: http://bit.ly/TEDEDShop
----------------------------------------------

Connect With Us
----------------------------------------------
Sign up for our newsletter: http://bit.ly/TEDEdNewsletter
Follow us on Facebook: http://bit.ly/TEDEdFacebook
Find us on Twitter: http://bit.ly/TEDEdTwitter
Peep us on Instagram: http://bit.ly/TEDEdInstagram
----------------------------------------------

Keep Learning
----------------------------------------------
View full lesson: https://ed.ted.com/lessons/how-does-artificial-intelligence-learn-briana-brownell
Dig deeper with additional resources: https://ed.ted.com/lessons/how-does-artificial-intelligence-learn-briana-brownell#digdeeper

Animator's website: https://pleasecallmechamp.com/
Music: https://ambroseyu.com/
----------------------------------------------

Thank you so much to our patrons for your support! Without you this video would not be possible! Nevin Spoljaric, Christine, Yvonne Feijoo, Sid Chanpuriya, Arjay Arcinue Dineros, RAD, Anoom Yasmin, Laura Johnson, Anoop Varghese, David Yastremski, Noah Webb, Zo√´ Tulip, B, Erica Guerrero, Richard Manklow, Roberto Chena, Luke Pisano, Andrea Gordon, Aleksandar Donev, Brendan and Nicole's summer job, Ryan Weiler, Jesse Lira, Ezekiel Raui, Itay Levi, Cameron Chakraverty, Petr Vacek, Rhys Patterson, Dennis, Margaret King, Olivia Fu, Katrina Adams, Regina Post, Mary Collins, Kari Teffeau, clumsybunnie, Adam Leos, Jeremy Laurin, Cindy Lai, Liz, Hannah Nomm√©, Rajath Durgada Manjunath, Dan Nguyen, Chin Beng Tan, Alejandro Gomez, Tom Boman, Karen Warner, Isorn Sookwanish, Iryna Panasiuk, Diane Gallin and Aaron Torres.","['A.I.', 'artificial intelligence', 'machine learning', 'machines', 'perception machine learning', 'unsupervised machine learning', 'supervised machine learning', 'reinforcement learning', 'data', 'data patterns', 'data analysis', 'algorithm', 'ai systems', 'neurons', 'computer science', 'computer scientists', 'ethical ai', 'education', 'science', 'animation', 'Briana Brownell', 'Champ Panupong Techawongthawon', 'TED', 'TED-Ed', 'TED Ed', 'Teded', 'Ted Education']",27
QIKQEKm0qIE,Will Artificial Intelligence & Automation take your Job?,Apna College,UCBwmMxybNva6P_5VmxjzwqA,2021-10-07T17:39:57Z,481684,1594,"Link to the Book ""Robot Proof: Higher Education in the Age of Artificial Intelligence"" : https://amzn.to/3FfYUsK
üî•Java Placement Course : https://www.youtube.com/watch?v=yRpLlJmRo2w&list=PLfqMhTWNBTe3LtFWcvwpqTkUSlB32kJop
üî•Complete C++ Placement Course (Data Structures+Algorithm) :https://www.youtube.com/playlist?list=PLfqMhTWNBTe0b2nM6JHVCnAkhQRGiZMSJ
üî•Telegram: https://t.me/apnikakshaofficial
üî•Instagram: https://www.instagram.com/dhattarwalaman/

My YouTube Gear üòâ: https://docs.google.com/document/d/1pyTJVmed-rHFXNqQodOTYr7z-EhH37s8pvtYpR0vMR4/edit?usp=sharing
Notes of this Lecture:","['AI', 'artificial intelligence', 'future jobs']",27
Lge8qqCbDhI,Class 9 Artificial Intelligence Chapter 1 | Introduction to Artificial Intelligence Full Chapter,Magnet Brains,UC3HS6gQ79jjn4xHxogw0HiA,2021-11-28T17:30:12Z,390914,766,"üëâNext Video :https://www.youtube.com/watch?v=rM5Ww-JtPRc
‚úîÔ∏èüìöüëâ Watch Full Free Course: https://www.magnetbrains.com
‚úîÔ∏èüìöüëâ Get Notes Here: https://www.pabbly.com/out/magnet-brains
‚úîÔ∏èüìöüëâ Get All Subjects Playlists: ‚Äãhttps://www.pabbly.com/out/all-videos-playlist
===============================================
üì¢ Full Playlist Link:https://www.youtube.com/playlist?list=PLVLoWQFkZbhU0fZSLqFRG_HPWUaOlmXwf


‚úÖ In this video,

‚úîÔ∏è Class: 9th
‚úîÔ∏è Subject: Artificial Intelligence
‚úîÔ∏è Chapter: Introduction to Artificial Intelligence
‚úîÔ∏è Topic Name: Introduction to Artificial Intelligence Full Chapter Explanation
‚úîÔ∏è Topics Covered in This Video (By Vardan Sir): Full Chapter Explanation of Introduction to Artificial Intelligence Class 9 Artificial Intelligence Chapter 1 has been discussed in the video.
=======================================================
00:00:00 Introduction : Introduction to Artificial Intelligence 
00:00:47 Applications of Artificial Intelligence
00:05:16 Many Definitions of Artificial Intelligence
00:06:38 Defining Artificial Intelligence
00:08:22 Introduction to Artificial Intelligence Domains
00:35:06 Real World Application
00:43:34 Smart Homes
00:54:28 Smart Cities
00:58:15 Sustainable Development
01:17:53 Sustainable Development Goals (SDGs)
01:18:52 AI Solutions to Social Issues
01:32:41 Emergence of AI Jobs in Various Fields
01:54:35 Skills Required
01:58:48 AI Ethics
02:38:01 Website Overview
=======================================================
üì¢ üî•  Available (Kindergarten to 12th) all Video Subject wise Playlist https://www.pabbly.com/out/all-videos-playlist

Why study from Magnet Brains?
Magnet Brains is an online education platform that helps gives You NCERT/CBSE curriculum based free full courses from Kindergarten to Class 12th so that you can perform well in any and all exams you give in your academic career.

üëâ Contact us ü§ëü§ë
‚û°Ô∏è Connect with us : magnetbrainsbhopal@gmail.com
‚û°Ô∏è Website : https://www.magnetbrains.com/
‚û°Ô∏è Subscribe to us on YouTube: https://www.youtube.com/channel/UC3HS6gQ79jjn4xHxogw0HiA?sub_confirmation=1
‚û°Ô∏è Subscribe to Magnet Brains Hindi Medium : https://www.youtube.com/channel/UCwO6AYOIRYgyP1KJ5aPbDlw?sub_confirmation=1
‚û°Ô∏è Subscribe to Magnet Brains IIT JEE & NEET: https://www.youtube.com/channel/UC-PZSEHaQOcJiSTsbJMohZQ?sub_confirmation=1
‚û°Ô∏è Subscribe to Magnet Brains Competition : https://www.youtube.com/channel/UC0PA9wn-FAXk0HsiCmg9gSA?sub_confirmation=1
‚û°Ô∏èFacebook-: https://www.magnetbrains.com/out/facebook
‚û°Ô∏èTelegram-: https://www.magnetbrains.com/out/telegram
‚û°Ô∏èInstagram:-https://www.magnetbrains.com/out/instagram_main

#class9artificialintelligence .

Disclaimer: ""This video is for educational and informational purposes only and is not intended to infringe on any copyrights. If you believe that this video has used any copyrighted material in a way that constitutes copyright infringement, please contact us at contact@magnetbrains.com and we will take appropriate action.""","['class 9 artificial intelligence chapter 1', 'introduction to artificial intelligence full chapter', 'introduction to ai class 9 full chapter', 'introduction to artificial intelligence class 9', 'introduction to artificial intelligence', 'introduction to artificial intelligence with python', 'introduction to artificial intelligence course', 'artificial intelligence class 9 chapter 1', 'artificial intelligence class 9 cbse chapter 1', 'artificial intelligence class 9th', 'magnet brains']",27
yen5Zlpsu_k,Best Artificial intelligence AI stocks to buy now | Stocks based on AI | AI stocks in india,Dr. Mukul Agrawal,UCPs8w9f1gqe4BqkbI-9wTnw,2021-08-17T14:00:32Z,322022,586,"For daily stock market updates join our Telegram Channel 
https://t.me/themukulagrawal #ArtificialIntelligencestockstobuynow #BestAIstocks #bestArtificialIntelligencestocksinindia
üî• Subscribe ‚ñ∫ http://bit.ly/mukulagrawal

‚ñ∫ Telegram: http://bit.ly/telegrammukul
‚ñ∫ Facebook: https://www.facebook.com/themukulagrawal
‚ñ∫ Twitter: http://bit.ly/mukultweet
‚ñ∫ Instagram: http://bit.ly/instamukulagrawal
‚ñ∫ Website: http://bit.ly/agrawalcorporate
‚ñ∫ WhatsApp: +919708094321

üìö Top Free Stock Market Books for Beginners-

‚ûº Rich Dad Poor Dad - https://amzn.to/3hvLpty
‚ûº The Intelligent Investor - https://amzn.to/2KQH3Bd
‚ûº The Dhandho Investor - https://amzn.to/2KQHkEf
‚ûº Common Stock and Uncommon Profit - https://amzn.to/2X1em78
‚ûº One Up On Wall Street - https://amzn.to/35fnNEP
‚ûº The Warren Buffet Way - https://amzn.to/34Y9Drk
‚ûº Rich Dad Poor Dad ( hindi)  - https://amzn.to/3s7Gns7
‚ûº The Intelligent Investor ( hindi ) - https://amzn.to/35pEBJ1 
‚ûº How the World‚Äôs Greatest Investors Win in Markets - https://amzn.to/3hBvhJ7

-----------------------TAGS-----------------

ai stocks,best ai stocks,best ai stocks in india,ai shares in india,best stocks to buy now,ai stocks in india,ai based stocks in india,best ai stocks 2021,best stocks to invest in 2021,ai stocks to buy 2021,ai stocks india,artificial intelligence stocks to invest in,technology stocks india,best ai stocks to buy now,it stocks india,best stocks to buy now in india,tech stocks india,best stocks,artificial intelligence stocks,best stocks to buy,mukul agrawal

üé• More Useful Videos:

‚ñ∫ Playlist of Free Technical Analysis Courses
https://www.youtube.com/watch?v=S4LsrNvxCkY&list=PLai_Iuvg7ZG9YAhkmH4xPlLZ3FRhQ8UDY

‚ñ∫ swing trading strategies
https://youtu.be/Mf8iNoQRrZ8

‚ñ∫ ema trading strategy 
https://youtu.be/tOaVQz7Hnyg

‚ñ∫ 5 minute trading strategy | open high low strategy 
https://youtu.be/TJvRBF5zXy8

‚ñ∫ How to Select Intraday Stocks 
https://youtu.be/YEwqLcFLtTE

‚ñ∫ 1 Lac ki Paid Strategy free
https://www.youtube.com/watch?v=Mbt4oFVGyzo

‚ñ∫ Pin Bar Trading Strategy 
https://www.youtube.com/watch?v=a0aJYCFPv-A

‚ñ∫ Inside Bar Trading Strategy 
https://www.youtube.com/watch?v=IahxsbGWjgA&t=107s

‚ñ∫ Demand Supply Trading Strategy
https://www.youtube.com/watch?v=oEJXErJfBb4

‚ñ∫ Opening Range Breakout Strategy
https://www.youtube.com/watch?v=UeGQ03DPH4E&t=397s

‚ñ∫ How to trade in nifty & stocks With my levels
https://www.youtube.com/watch?v=ZLXub9mUOTc&t=2s

‚ñ∫ Profit Booking Strategies Explained 
https://www.youtube.com/watch?v=Ow0-dkzrlQ4

‚ñ∫ Leading vs Lagging Indicator 
https://www.youtube.com/watch?v=H6dhT-Vsjgc&t=35s

‚ñ∫ Robo Trading Strategy 
https://www.youtube.com/watch?v=S4LsrNvxCkY

‚ñ∫ VWAP Trading Strategy
https://www.youtube.com/watch?v=qZ4DwZKWs8I&t=1s

‚ñ∫ Jackpot GAP strategy 
https://www.youtube.com/watch?v=tz9Yf-lkoc4&t=2s

‚ñ∫ Best Time Frame For Intraday Trading 
https://www.youtube.com/watch?v=XZWqo-8nQdI&t=15s

‚ñ∫ RSI Trading Strategy 
https://www.youtube.com/watch?v=U4e2Mc5JP98


üåü About Us:

Our Channel is dedicated to stock market beginners, whereby we deliver nifty, bank nifty and other stock market-related advance and pinpoint prediction to the traders willing to make money stock market Technical Analyst | Technical Analysis Workshop & Webinar | ISO Registered | TEDx & Rotary Club Speaker | Technical Analysis Society Singapore Member

Topic: This video will show you everything you need to know about 

This channel is for stock market traders who are willing to learn the secret of risk-free trading. 

‚ö†Ô∏è DISCLAIMER:

The videos are strictly for educational purposes and do not provide any advice/tips on Investment or recommend buying and selling any stock.

We neither take guarantee of profit nor stand responsible for any losses of any recipient.
The recipients of this material should take their own professional advice before acting on this information the recipient is advised to read the information carefully before any investment.","['mukul agrawal', 'Best Artificial intelligence Stocks to buy now', 'best ai stocks in india', 'stocks based on Artificial intelligence AI', 'AI stocks', 'artificial intelligence Stocks in India', 'Ai stocks to invest', 'best stocks to buy now', 'best stocks to invest in 2021', 'best shares to buy now', 'Multibagger stocks', 'Multibagger stocks 2021 India', 'shares to invest now', 'shares for beginners', 'shares for long term Investment India', 'share market', 'stock market', 'demat account', 'zerodha', 'upstox']",26
b8IYaY4aOV0,Artificial Intelligence Hijacking Your Spirituality | Swami Sarvapriyananda,Infinity Foundation Official,UCk85J3pqkn1y--k2wNMbthA,2021-10-18T12:00:14Z,233330,1042,"Rajiv Malhotra's Milestone book Artificial Intelligence and the Future of Power  presented at the united nations conference :Ethics of Artificial Intelligence - Exploring Pluri - Perspectives by Swami Sarvapriyananda ji, resident Swami and head of the Vedanta Society of New York. In this monologue he goes on to explain the biased view of human and human spirituality coming out of AI and Big tech algorithms.  Rajiv Malhotra's book  Artificial Intelligence and the Future of Power  unmasks the inner workings and end goals of AI that stem from a for profit motive, ultimately aiming to engage every human and sell their behavior as a product.

Time stamps:
00:00 - Introduction
02:01 -  AI & hijacking your Attention ?
06:31 - Technologies are not neutral
10:22 -  AI and Altruism
12:58 - AI and Maximization of Desires
16:06 - Conclusion

To support Infinity Foundation‚Äôs projects including the continuation of such episodes and the research we do:
‡§á‡§®‡§´‡§ø‡§®‡§ø‡§ü‡•Ä ‡•û‡•å‡§Ç‡§°‡•á‡§∂‡§® ‡§ï‡•Ä ‡§™‡§∞‡§ø‡§Ø‡•ã‡§ú‡§®‡§æ‡§ì‡§Ç ‡§ï‡•ã ‡§Ö‡§®‡•Å‡§¶‡§æ‡§® ‡§¶‡•á‡§®‡•á ‡§ï‡•á ‡§≤‡§ø‡§è ‡§µ ‡§á‡§∏ ‡§™‡•ç‡§∞‡§ï‡§æ‡§∞ ‡§ï‡•á ‡§è‡§™‡§ø‡§∏‡•ã‡§° ‡§î‡§∞ ‡§π‡§Æ‡§æ‡§∞‡•á ‡§¶‡•ç‡§µ‡§æ‡§∞‡§æ ‡§ï‡§ø‡§Ø‡•á ‡§ú‡§æ‡§®‡•á ‡§µ‡§æ‡§≤‡•á ‡§∂‡•ã‡§ß ‡§ï‡•ã ‡§ú‡§æ‡§∞‡•Ä ‡§∞‡§ñ‡§®‡•á ‡§ï‡•á ‡§≤‡§ø‡§è: http://infinityfoundation.com/donate-2/

To Subscribe to Rajiv Malhotra Official:
‡§∞‡§æ‡§ú‡•Ä‡§µ ‡§Æ‡§≤‡•ç‡§π‡•ã‡§§‡•ç‡§∞‡§æ ‡§ë‡§´‡§ø‡§∏‡§ø‡§Ø‡§≤ ‡§ï‡•Ä ‡§∏‡§¶‡§∏‡•ç‡§Ø‡§§‡§æ ‡§≤‡•á‡§®‡•á ‡§ï‡•á ‡§≤‡§ø‡§è: https://www.youtube.com/channel/UCk85J3pqkn1y--k2wNMbthA?sub_confirmation=1

Join Rajiv's discussion (‡§∞‡§æ‡§ú‡•Ä‡§µ ‡§ï‡•Ä ‡§ö‡§∞‡•ç‡§ö‡§æ ‡§∏‡•á ‡§ú‡•Å‡§°‡•á‡§Ç): https://groups.google.com/d/forum/infinityfoundationsatsang

Listen to the Kurukshetra podcast! Available on:
iTunes:  https://podcasts.apple.com/us/podcast/kurukshetra/id1499895147
Google Podcasts: https://www.google.com/podcasts?feed=aHR0cHM6Ly9hbmNob3IuZm0vcy9kMmVmMWYwL3BvZGNhc3QvcnNz
Anchor: https://anchor.fm/kurukshetra
Spotify: https://open.spotify.com/show/1EpfjldHdNuAaJrBLlmFme?si=qJnzvbRtRmqGJ3j4xZcODw

#Bigtech #Artificialintelligence #Spirituality",[],29
momzkuLMtao,Artificial Intelligence Class 9 Unit 2 | AI Project Cycle - Overview,Magnet Brains,UC3HS6gQ79jjn4xHxogw0HiA,2021-08-12T13:30:14Z,204551,954,"‚úîÔ∏èüìöüëâ Watch Full Free Course: https://www.magnetbrains.com
‚úîÔ∏èüìöüëâ Get Any Class & Subject's Topic Video Here:- https://www.magnetbrains.com/get-topic-wise-video
‚úîÔ∏èüìöüëâ Get All Subjects Playlists: ‚Äãhttps://www.pabbly.com/out/all-videos-playlist
‚úîÔ∏èüìöüëâ Grab Notes by Expert Teachers Here: https://www.pabbly.com/out/magnet-brains
‚úîÔ∏èüìöüëâ Place Your Queries For Books Here: https://www.magnetbrains.com/booklet
‚úîÔ∏èüìöüëâ Get Books Prepared by Our Expert Teachers at Your Door Step: https://www.magnetbrains.com/book_purchase

=======================================================
‚úÖ In this video,

‚úîÔ∏è Class: 9th 
‚úîÔ∏è Subject: Artificial Intelligence 
‚úîÔ∏è Chapter: AI Project Cycle - Unit 2 
‚úîÔ∏è Topic Name: AI Project Cycle - Overview
‚úîÔ∏è Topics Covered in This Video: Project Cycle of AI - Problem Scoping, Data Acquisition, Data Exploration, Modelling, Evaluation, Test Time
=======================================================
üì¢ üî•  Available (Kindergarten to 12th) all Video Subject wise Playlist https://www.pabbly.com/out/all-videos-playlist

Why study from Magnet Brains?
Magnet Brains is an online education platform that helps gives You NCERT/CBSE curriculum based free full courses from Kindergarten to Class 12th so that you can perform well in any and all exams you give in your academic career.

üëâ Contact us ü§ëü§ë   
‚û°Ô∏è Connect with us : magnetbrainsbhopal@gmail.com   
‚û°Ô∏è Website : https://www.magnetbrains.com   
‚û°Ô∏è Subscribe to us on YouTube: https://www.youtube.com/channel/UC3HS6gQ79jjn4xHxogw0HiA?sub_confirmation=1    
‚û°Ô∏è Subscribe to Magnet Brains Hindi Medium : https://www.youtube.com/channel/UCwO6AYOIRYgyP1KJ5aPbDlw?sub_confirmation=1   
‚û°Ô∏è Facebook : https://www.facebook.com/Magnet-Brains-Education-110955641184512   
‚û°Ô∏è Instagram : https://www.instagram.com/magnetbrains/   
‚û°Ô∏è Telegram : https://t.me/magnetbrainsbhopal .

Disclaimer: ""This video is for educational and informational purposes only and is not intended to infringe on any copyrights. If you believe that this video has used any copyrighted material in a way that constitutes copyright infringement, please contact us at contact@magnetbrains.com and we will take appropriate action.""","['artificial intelligence class 9 unit 2', 'ai project cycle overview', 'project cycle of ai', 'artificial intelligence', 'artificial intelligence class 9th', 'artificial intelligence class 9 cbse unit 2', 'artificial intelligence class 9 in hindi', 'problem scoping', 'data acquisition', 'data exploration', 'modelling', 'evaluation', 'problem scoping means in ai', 'problem scoping in ai example', 'project cycle steps', 'project cycle management steps', 'artificial intelligence class 9 cbse', 'magnet brains']",27
5B3Wn6Wo5CU,The Dangers of Artificial Intelligence - Stuart Russell on AI Risk,Science Time,UCxoz4YfS4M3H3C57FD4jW4Q,2021-09-25T19:00:01Z,191524,584,"Stuart Russell is a British computer scientist known for his contributions to artificial intelligence. He warns about the risks involved in the creation of AI systems.

Artificial intelligence has become a key behind-the-scenes component of many aspects of our day-to-day lives.

The promise of AI has lured many into attempting to harness it for societal benefit, but there are also concerns about its potential misuse.

Dr. Stuart Russell is one of AI‚Äôs true pioneers and has been at the forefront of the field for decades. He proposes a novel solution which bring us to a better understanding of what it will take to create beneficial machine intelligence.

In view of the recent warnings from researchers and entrepreneurs that artificial intelligence or AI may become too smart, major players in the technology field are thinking about different methods for mitigating these concerns and preserving human control.

Stuart Russell, argues that if AI surpasses humanity in general intelligence and becomes Superintelligent, then this new Superintelligence could become powerful and difficult to control. 

Existing weak AI systems can be monitored and easily shut down and modified if they misbehave. However, a misprogrammed Superintelligence, which by definition is smarter than humans in solving practical problems it encounters in the course of pursuing its goals, would realize that allowing itself to be shut down and modified might interfere with its ability to accomplish its current goals. If the Superintelligence therefore decides to resist shutdown and modification, it would be smart enough to outwit its human operators and other efforts to shut it down.

#AI #AGI #science

SUBSCRIBE to our channel ""Science Time"": https://www.youtube.com/sciencetime24
SUPPORT us on Patreon: https://www.patreon.com/sciencetime
BUY Science Time Merch: https://teespring.com/science-time-merch

Sources:
""CTBTO International Scientific Studies 2009 - day 2"" by The Official CTBTO Photostream is licensed under CC BY 2.0

The State of Artificial Intelligence
https://youtu.be/VBceREwF7SA

What If: Robots Go to War?
https://youtu.be/opZR7vLhXVg

Artificial Intelligence and Autonomous Weapons 27 April 2021
Yair Sharan Ted J. Gordon Elizabeth Florescu
Part of the Advanced Sciences and Technologies for Security Applications book series (ASTSA)","['stuart russell', 'AI', 'AI risk', 'artificial intelligence', 'AGI', 'superintelligence', 'AI control problem', 'Superhuman AI', 'machine intelligence', 'the dangers of artificial intelligence', 'science', 'science time']",28
8agnf7XvEDk,B.Tech Artificial intelligence and data science|Eligibility|Scopes|Jobs|Salary,MCP masters,UCAOYA6Wvj-IqnyzqKfWaOVQ,2021-06-21T10:30:14Z,162805,511,,"['Artificial intelligence and data science details', 'Btech artificial intelligence and data science Course details', 'Btech artificial intelligence and data science Scopes and jobs']",27
z498dvAYyu0,Nick Bostrom: The Threat Of Artificial Intelligence  - Elon Musks Biggest Fear,Valuetainment,UCIHdDJ0tjn_3j-FS7s_X1kQ,2021-11-03T12:58:55Z,132500,786,"Patrick Bet-David sits down with Nick Bostrom. Nick Bostrom is a New York Times bestseller, was recommended by Elon Musk and Bill Gates among others, and helped to popularize the term ""superintelligence"". Bostrom believes that superintelligence is a potential outcome of advances in artificial intelligence.

Recommended videos: 
- Futurist & Hacker Reveals How To Solve World's Biggest Problems: https://youtu.be/_HuwgMlbpYY

About guest: 
Nick Bostrom is a Swedish-born philosopher at the University of Oxford known for his work on existential risk, the anthropic principle, human enhancement ethics, superintelligence risks, and the reversal test. In 2011, he founded the Oxford Martin Program on the Impacts of Future Technology, and is the founding director of the Future of Humanity Institute at Oxford University. In 2009 and 2015, he was included in Foreign Policy's Top 100 Global Thinkers list. Bostrom has been highly influential in the emergence of concern about A.I. in the Rationalist community. Bostrom is the author of over 200 publications, and has written two books and co-edited two others. The two books he has authored are Anthropic Bias: Observation Selection Effects in Science and Philosophy (2002) and Superintelligence: Paths, Dangers, Strategies (2014). Superintelligence was a New York Times bestseller, was recommended by Elon Musk and Bill Gates among others, and helped to popularize the term ""superintelligence"". Bostrom believes that superintelligence, which he defines as ""any intellect that greatly exceeds the cognitive performance of humans in virtually all domains of interest,"" is a potential outcome of advances in artificial intelligence. He views the rise of superintelligence as potentially highly dangerous to humans, but nonetheless rejects the idea that humans are powerless to stop its negative effects. In 2017, he co-signed a list of 23 principles that all A.I. development should follow.

Music selection used through agreement with Epidemic Sound http://bit.ly/2B8DxK1

Make sure to subscribe to Valuetainment for the updates: http://bit.ly/2aPEwD4

About Valuetainment: 
Founded in 2012 by Patrick Bet-David, our goal is to impact entrepreneurs around the world through value and entertainment. We are the #1 channel for entrepreneurs because of the best interviews, best how to videos, best case studies and because we defend capitalism and educate entrepreneurs. 

Follow Patrick on social media:
Website: http://www.patrickbetdavid.com
Facebook: https://www.facebook.com/PatrickBetDavid.Valuetainment/
Instagram:https://www.instagram.com/patrickbetdavid
Twitter:https://twitter.com/patrickbetdavid
LinkedIn: https://www.linkedin.com/in/patrick-bet-david-3731553

To reach the Valuetainment team, you can email: info@valuetainment.com

#PatrickBetDavid #Valuetainment","['Entrepreneur', 'Entrepreneurs', 'Entrepreneurship', 'Entrepreneur Motivation', 'Entrepreneur Advice', 'Startup Entrepreneurs', 'valuetainment', 'patrick bet david', 'Valuetainment Media', 'Patrick Bet-David Valuetainment', 'A.I.', 'Superintelligence', 'Elon Musk', 'Bill Gates', 'Nick', 'Bostrom', 'Nick Bostrom', 'Artificial Intelligence', 'Robots', 'Future of A.I.']",27
rA5k2S8xPK8,Mindreading With Artificial Intelligence,Sabine Hossenfelder,UC1yNl2E66ZzKApQdRuTQ4tw,2021-06-26T12:00:19Z,117855,1078,"Check out the physics courses that I mentioned (many of which are free!) and support this channel by going to https://brilliant.org/Sabine/ where you can create your Brilliant account. The first 200 will get 20% off the annual premium subscription.

Scientists have made great progress to decode thoughts with artificial intelligence. In this video I summarize the most exciting recent developments. 

The first paper about inferring the meaning of nouns is:

Mitchell et el
""Predicting Human Brain Activity Associated with the Meanings of Nouns""
Science, 1191-1195 (2008)
https://science.sciencemag.org/content/320/5880/1191

The paper about extracting speech from brain readings is:

Anumanchipalli, Chartier, & Chang
""Speech synthesis from neural decoding of spoken sentences"" 
Nature 568, 493‚Äì498 (2019)
https://science.sciencemag.org/content/320/5880/1191

There are more examples of the reconstructed sentences here:

https://www.youtube.com/watch?v=3pv0vT82Cys

The paper about extracting images from brain readings is:
Shen et al
PLoS Comput Biol. 15(1): e1006633 (2019)
https://journals.plos.org/ploscompbiol/article?id=10.1371/journal.pcbi.1006633

And the brain to text paper using handwriting is:

Willett et al
High-performance brain-to-text communication via handwriting
Nature 593, 249‚Äì254 (2021)
https://www.nature.com/articles/s41586-021-03506-2

Many thanks to Jordi Busqu√© for fact-checking this video http://jordibusque.com/

0:00 Intro
0:33 How to measure brain activity
2:44 Brain to Word
5:42 Brain to Image
6:30 Brain to Speech
7:25 Brain to Text
8:29 Better ways to measure brain activity
10:20 Sponsor Message","['artificial intelligence', 'AI', 'brain science', 'how artificial intelligence reads minds', 'neurology', 'AI knows what you see', 'thought to text', 'technology', 'brain technology', 'neuralink', 'elon musk', 'science', 'neuroscience', 'hossenfelder', 'science without the gobbledygook', 'AI news', 'mind', 'mind reading', 'mind reading with AI', 'machine learning', 'science news']",28
gD_HWj_hvbo,AI For Everyone LESSON 1: Introduction to Artificial Intelligence for Absolute Beginners,Paul McWhorter,UCfYfK0tzHZTpNFrc_NDKfTA,2021-07-22T16:30:11Z,106862,507,"You guys can help me out over at Patreon, and that will help me keep my gear updated, and help me keep this quality content coming:

https://www.patreon.com/PaulMcWhorter

In these lessons we will be using a logitech webcam. If you use the identical camera that I have, you will be ensured to get the same results. I suggest your life will be easier if you use the same camera I am using, available from Amazon below:

https://amzn.to/3iwgIW0

In this video I give an easy to understand description of what Artificial Intelligence is, and describe the things you will be learning in this series of lessons. This class will be based on Python running on a Windows 10 PC. We will be using openCV to do the work. I will teach OpenCV, but it would be good if you have basic familiarity with Python.

[Disclosure of Material Connection: I am a participant in the Amazon Services LLC Associates Program, an affiliate advertising program designed to provide a means for sites to earn advertising fees by advertising and linking to amazon.com. This means if you visit the link and purchase the item, I will receive an affiliate commission. Regardless, I only recommend products or services I use personally and believe will add value to my readers.]
#ArtificialIntelligence
#Python
#OpenCV","['Python', 'AI', 'Intellligence', 'Programming']",28
